{
    "counter": {
        "ACTIVE": 14356,
        "INACTIVE": 6644,
        "INVALID": 0,
        "MALICIOUS": 0,
        "SANE": 0,
        "VALID": 0,
        "total": 21000
    },
    "percentage": {
        "ACTIVE": 68.37818528221005,
        "INACTIVE": 31.63809523809524,
        "INVALID": 0,
        "MALICIOUS": 0,
        "SANE": 0,
        "VALID": 0,
        "total": 100.01628052030529
    }
}