{
    "counter": {
        "ACTIVE": 14270,
        "INACTIVE": 6730,
        "INVALID": 0,
        "MALICIOUS": 0,
        "SANE": 0,
        "VALID": 0,
        "total": 21000
    },
    "percentage": {
        "ACTIVE": 67.96856394379614,
        "INACTIVE": 32.04761904761905,
        "INVALID": 0,
        "MALICIOUS": 0,
        "SANE": 0,
        "VALID": 0,
        "total": 100.01618299141519
    }
}