{
    "counter": {
        "ACTIVE": 14103,
        "INACTIVE": 6897,
        "INVALID": 0,
        "MALICIOUS": 0,
        "SANE": 0,
        "VALID": 0,
        "total": 21000
    },
    "percentage": {
        "ACTIVE": 67.17313646106216,
        "INACTIVE": 32.84285714285714,
        "INVALID": 0,
        "MALICIOUS": 0,
        "SANE": 0,
        "VALID": 0,
        "total": 100.0159936039193
    }
}