{
    "counter": {
        "ACTIVE": 15897,
        "INACTIVE": 5100,
        "INVALID": 3,
        "MALICIOUS": 0,
        "SANE": 0,
        "VALID": 0,
        "total": 21000
    },
    "percentage": {
        "ACTIVE": 75.7,
        "INACTIVE": 24.330900243309003,
        "INVALID": 0.014325279342947188,
        "MALICIOUS": 0,
        "SANE": 0,
        "VALID": 0,
        "total": 100.04522552265195
    }
}