{
    "counter": {
        "ACTIVE": 14111,
        "INACTIVE": 6889,
        "INVALID": 0,
        "MALICIOUS": 0,
        "SANE": 0,
        "VALID": 0,
        "total": 21000
    },
    "percentage": {
        "ACTIVE": 67.21124077161228,
        "INACTIVE": 32.804761904761904,
        "INVALID": 0,
        "MALICIOUS": 0,
        "SANE": 0,
        "VALID": 0,
        "total": 100.01600267637419
    }
}