{
    "counter": {
        "ACTIVE": 14209,
        "INACTIVE": 6791,
        "INVALID": 0,
        "MALICIOUS": 0,
        "SANE": 0,
        "VALID": 0,
        "total": 21000
    },
    "percentage": {
        "ACTIVE": 67.6780185758514,
        "INACTIVE": 32.338095238095235,
        "INVALID": 0,
        "MALICIOUS": 0,
        "SANE": 0,
        "VALID": 0,
        "total": 100.01611381394663
    }
}