{
    "counter": {
        "ACTIVE": 14451,
        "INACTIVE": 6549,
        "INVALID": 0,
        "MALICIOUS": 0,
        "SANE": 0,
        "VALID": 0,
        "total": 21000
    },
    "percentage": {
        "ACTIVE": 68.83067396999286,
        "INACTIVE": 31.185714285714287,
        "INVALID": 0,
        "MALICIOUS": 0,
        "SANE": 0,
        "VALID": 0,
        "total": 100.01638825570714
    }
}