{
    "counter": {
        "ACTIVE": 19170,
        "INACTIVE": 1830,
        "INVALID": 0,
        "MALICIOUS": 0,
        "SANE": 0,
        "VALID": 0,
        "total": 21000
    },
    "percentage": {
        "ACTIVE": 91.28571428571429,
        "INACTIVE": 8.742177423207377,
        "INVALID": 0,
        "MALICIOUS": 0,
        "SANE": 0,
        "VALID": 0,
        "total": 100.02789170892167
    }
}