{
    "counter": {
        "ACTIVE": 16139,
        "INACTIVE": 4861,
        "INVALID": 0,
        "MALICIOUS": 0,
        "SANE": 0,
        "VALID": 0,
        "total": 21000
    },
    "percentage": {
        "ACTIVE": 76.85238095238095,
        "INACTIVE": 23.167476884949004,
        "INVALID": 0,
        "MALICIOUS": 0,
        "SANE": 0,
        "VALID": 0,
        "total": 100.01985783732997
    }
}