{
    "counter": {
        "ACTIVE": 12105,
        "INACTIVE": 8895,
        "INVALID": 0,
        "MALICIOUS": 0,
        "SANE": 0,
        "VALID": 0,
        "total": 21000
    },
    "percentage": {
        "ACTIVE": 57.642857142857146,
        "INACTIVE": 42.37328506097561,
        "INVALID": 0,
        "MALICIOUS": 0,
        "SANE": 0,
        "VALID": 0,
        "total": 100.01614220383276
    }
}