{
    "counter": {
        "ACTIVE": 13154,
        "INACTIVE": 7846,
        "INVALID": 0,
        "MALICIOUS": 0,
        "SANE": 0,
        "VALID": 0,
        "total": 21000
    },
    "percentage": {
        "ACTIVE": 62.63809523809524,
        "INACTIVE": 37.36190476190476,
        "INVALID": 0.0,
        "MALICIOUS": 0.0,
        "SANE": 0.0,
        "VALID": 0.0,
        "total": 100.0
    }
}