{
    "counter": {
        "ACTIVE": 13756,
        "INACTIVE": 7244,
        "INVALID": 0,
        "MALICIOUS": 0,
        "SANE": 0,
        "VALID": 0,
        "total": 21000
    },
    "percentage": {
        "ACTIVE": 65.5047619047619,
        "INACTIVE": 34.49523809523809,
        "INVALID": 0.0,
        "MALICIOUS": 0.0,
        "SANE": 0.0,
        "VALID": 0.0,
        "total": 100.0
    }
}